replicate,auc
0,0.7620148246199011
1,0.7706054580389895
2,0.7589366347091977
3,0.7527950172946304
4,0.7616601172338899
5,0.7714185187551648
6,0.7684479804973832
7,0.7528158221011096
8,0.7605972913468938
9,0.7532376331468098
10,0.7577592162761888
11,0.7529743804873689
12,0.766564535424789
13,0.7521548392006023
14,0.7553367906145241
15,0.7711797116360966
16,0.7543734407385202
17,0.7641239366633691
18,0.763494604973619
19,0.7547966627322832
20,0.7615479038805656
21,0.7645311762326301
22,0.7585924079158135
23,0.7674581259015147
24,0.7674653105800219
25,0.7656777922852995
26,0.7545218564607881
27,0.7549529902281407
28,0.7568018515899388
29,0.7571247690352083
30,0.756023282099398
31,0.7594102879856569
32,0.7547262798917546
33,0.7642707451814675
34,0.7635408189517123
35,0.759366314600902
36,0.7699687674122705
37,0.7558794321153324
38,0.7526163419653676
39,0.7642173750283398
40,0.7588356638089522
41,0.7626266664082462
42,0.7482313215602808
43,0.7646631180024528
44,0.7622486180345583
45,0.7555459170705439
46,0.7565123915453353
47,0.7613079300750372
48,0.7573881412986503
49,0.7567011094093152
50,0.7573619434651248
51,0.7585570870026682
52,0.7662757210775463
53,0.7539375438591875
54,0.764887505237132
55,0.7535112441510888
56,0.7635756506788207
57,0.7602637448421992
58,0.7551562825259
59,0.7635844245216556
60,0.7614106170499491
61,0.7491145701746998
62,0.7623005015703044
63,0.7611477172487051
64,0.748146375514675
65,0.758332351180625
66,0.7623951113234226
67,0.7513524408577297
68,0.7593175465097938
69,0.7535054356708487
70,0.7613107429998789
71,0.7638466083529375
72,0.7655064642121219
73,0.765224147207227
74,0.7674819098649595
75,0.7637824644758119
76,0.7565546534500023
77,0.7501625383404845
78,0.7502405215244227
79,0.7550154485628319
80,0.7684074763380367
81,0.7548229173226804
82,0.7669642520283615
83,0.7541514577167769
84,0.7680728203292295
85,0.7603189104714396
86,0.7609203082800362
87,0.7567173007932394
88,0.7626122032206424
89,0.7559703950765058
90,0.7656861603069411
91,0.758542595876811
92,0.7578545375660145
93,0.7568444261252623
94,0.767601513634274
95,0.7568601557138341
96,0.7560268287316954
97,0.7582941679750019
98,0.7534818175550038
99,0.7531271908711686
100,0.7690539846680434
101,0.7538132534952409
102,0.760329704785941
103,0.7552678661011816
104,0.7562646663326917
105,0.7511635757040795
106,0.7583401049700812
107,0.7540611064768558
108,0.7606717968995549
109,0.7575142447945055
110,0.7670020371554898
111,0.7579254771769564
112,0.7669972369005285
113,0.7534097818028633
114,0.7608136210792724
115,0.7545852401408651
116,0.7539060752660437
117,0.7652600889588826
118,0.758641854544325
119,0.7483916168405191
120,0.7687161453957738
121,0.7540139482769451
122,0.7558888266441847
123,0.7654774949486991
124,0.7587013023960918
125,0.7644170115779769
126,0.7614448217863594
127,0.7661281370907802
128,0.764685067232838
129,0.7678540431553119
130,0.7630332893314515
131,0.769302414611567
132,0.7539280480947228
133,0.7578961805150362
134,0.769885597771291
135,0.7537360469405456
136,0.7616589872529869
137,0.7609076593084447
138,0.757544763271983
139,0.7603119061619715
140,0.7740187186574485
141,0.7547183908381861
142,0.7571569538641101
143,0.7617962470175861
144,0.7505937087468137
145,0.7692853101487576
146,0.7537892044837411
147,0.7511229667358919
148,0.7612781618090575
149,0.7544902065025905
150,0.7478273849764638
151,0.7551014840005903
152,0.7490210270188937
153,0.7610814857327803
154,0.7670210316060803
155,0.7681222201623182
156,0.7648975380907674
157,0.7600778805045564
158,0.7510861057899386
159,0.7524728560223137
160,0.7625816737190054
161,0.7516690641533037
162,0.7476412383988482
163,0.7574497636205428
164,0.757054959205211
165,0.756086459980887
166,0.7532659143143182
167,0.758912925111981
168,0.7545710477125505
169,0.7635422442720226
170,0.7683354207105116
171,0.7594319045781355
172,0.7470239324130443
173,0.7648666797857222
174,0.7592778344623363
175,0.7424358228879004
176,0.7543312405786154
177,0.7568795256062577
178,0.7620263398280501
179,0.7551917332373952
180,0.7582400329964332
181,0.7656546281994342
182,0.7551232341358456
183,0.7569625314608592
184,0.7594567248813648
185,0.7558717160605317
186,0.7510130377159909
187,0.75788355039966
188,0.7525580507260982
189,0.7614624438175519
190,0.7621748396563245
191,0.7577882453205369
192,0.761115433470943
193,0.7677529380303616
194,0.7623547337671939
195,0.762765325817624
196,0.7569152909668593
197,0.7535254370969988
198,0.7609903293872011
199,0.7645479856916447
200,0.7659567375740146
201,0.764250691677438
202,0.7492454335384654
203,0.755500161452986
204,0.7642952831218845
205,0.7519239000404203
206,0.7598119736215039
207,0.7652525743699902
208,0.7665695677055229
209,0.7544566527080387
210,0.7470453172165183
211,0.7583926641343125
212,0.7605523271471983
213,0.7577467358518533
214,0.7597117193531899
215,0.771221049496331
216,0.7660516287649394
217,0.7732898772434064
218,0.762008626038408
219,0.7593336864433626
220,0.7598356558795221
221,0.7604761978734449
222,0.7584534026399885
223,0.7626533235902859
224,0.7672812574791144
225,0.7628442219425784
226,0.753802703526226
227,0.7556133955491059
228,0.7605397256881112
229,0.7546040174588649
230,0.7624965746836598
231,0.759388201665846
232,0.7687088680258385
233,0.7744524480276277
234,0.7626773285694313
235,0.7548619611863197
236,0.7610644753777448
237,0.7552051783197741
238,0.7622176582185582
239,0.7651582548495846
240,0.7645867322056422
241,0.7573780069068891
242,0.7630933335234902
243,0.7526784193059781
244,0.7608152935032242
245,0.7693085978855441
246,0.7597967048461847
247,0.7603117223676497
248,0.7658288606632642
249,0.7539065871126317
250,0.7571648470253688
251,0.768732214754942
252,0.7663729092219909
253,0.760508354072047
254,0.7535372181802017
255,0.7479992073600688
256,0.7557113219093217
257,0.7662752614255075
258,0.7581791492038692
259,0.7631790686730255
260,0.7550594294723965
261,0.7686803848404098
262,0.7513814402508765
263,0.7594518913331932
264,0.7564870214101056
265,0.7663198456000695
266,0.7618171851753825
267,0.7606408578715886
268,0.7597624382077549
269,0.76411708534659
270,0.7595826709063341
271,0.7616088204692968
272,0.7505610962556108
273,0.7596207169757985
274,0.7597066684894724
275,0.7551952006070475
276,0.7719572226936263
277,0.7627643911959089
278,0.7631136580674704
279,0.7686917865344238
280,0.7594823253447982
281,0.7639012580188997
282,0.7646365925864941
283,0.7670033536159286
284,0.7647470460819528
285,0.755331137104453
286,0.7558259218184851
287,0.7592060840133181
288,0.7583260151193412
289,0.7597168203635352
290,0.7519909460089922
291,0.7680485438116459
292,0.7522771443858636
293,0.7698575271440362
294,0.760462165134913
295,0.7580401376252724
296,0.7560418049734275
297,0.7500533540202664
298,0.7612323274903182
299,0.7626331052770676
300,0.745765679381357
301,0.764551157362318
302,0.7638782604253072
303,0.7546232151646568
304,0.7567748063350901
305,0.7627520485764947
306,0.765566476497168
307,0.7574187984236409
308,0.7575869861670217
309,0.7547310593637258
310,0.7674435317170148
311,0.7606939338669269
312,0.7717334832383144
313,0.7648019415540506
314,0.7597314869891054
315,0.7636024574646398
316,0.759377208425155
317,0.7589629756751419
318,0.7600974388393328
319,0.7555562663919311
320,0.7707022630482212
321,0.7611914059501206
322,0.7689111191050148
323,0.7671717818200616
324,0.757664606163053
325,0.7519595125953111
326,0.765644309385053
327,0.758147652350152
328,0.7521136418626682
329,0.7573280014370569
330,0.7552245355809634
331,0.7483128152050392
332,0.7638983847441301
333,0.7479634290871949
334,0.7651909886429415
335,0.7456548394969138
336,0.7655286356477411
337,0.7588883607414365
338,0.7633298811775017
339,0.7536603002437056
340,0.7614510087777453
341,0.7629277722528836
342,0.7492046650667341
343,0.7621931517084142
344,0.7649885017864273
345,0.7551140272521693
346,0.7616967576385327
347,0.7610803404583699
348,0.7465978154038706
349,0.7610184400406173
350,0.7691359913925704
351,0.7556091218075565
352,0.7623549878669564
353,0.7597365859246803
354,0.7597547609884596
355,0.7602076643196828
356,0.7540267493780863
357,0.7633096738090019
358,0.7595709059883837
359,0.7638840516989234
360,0.760867064704772
361,0.7636661542368992
362,0.7598311204546359
363,0.7665947771788404
364,0.7595043814668163
365,0.7623475794454457
366,0.7614044919142162
367,0.7518864388901982
368,0.7593762399738272
369,0.7607245913032339
370,0.7556855256322714
371,0.7542062574713009
372,0.7599061534882359
373,0.7549531682571887
374,0.7534814880961677
375,0.7593922323536892
376,0.7531417055185538
377,0.7623169344678906
378,0.7485114591267321
379,0.7576018094653582
380,0.7586753674836206
381,0.758184394711461
382,0.7553525953389737
383,0.7549744509572566
384,0.7635239626515401
385,0.7543463087926103
386,0.7661429032075788
387,0.7560038657239911
388,0.7486657730686581
389,0.7503512128455713
390,0.758808174510238
391,0.7579528683621479
392,0.7586532451109452
393,0.7669120953720879
394,0.7630089932009746
395,0.7608184951450381
396,0.7597392490562643
397,0.7589122998165204
398,0.7595205632777887
399,0.7645118819842669
400,0.7634605971276213
401,0.7610904503254463
402,0.7567879450363133
403,0.7451481834281422
404,0.7594340292943358
405,0.7689895114773555
406,0.7486917268916788
407,0.7627964651204211
408,0.75828274095913
409,0.7560449700747792
410,0.7592667082312832
411,0.7649507712044552
412,0.7574667415158371
413,0.7590723056472198
414,0.7648423234098591
415,0.7501675754146675
416,0.7539019946450356
417,0.7625899580489068
418,0.7662388952613783
419,0.7687551598775175
420,0.7602675465022666
421,0.7537996531740404
422,0.766072692374224
423,0.7565247572448323
424,0.7586001974480419
425,0.7653431808032467
426,0.7614971573481737
427,0.7628509876440277
428,0.7614826304590834
429,0.7634081161936406
430,0.7540011611931907
431,0.7602757692158293
432,0.7700102015393213
433,0.7631985090054126
434,0.7521067931144859
435,0.7631500983435288
436,0.7612027372999435
437,0.761340731252749
438,0.7596638830543664
439,0.7554851558306318
440,0.7627422284978282
441,0.7558006956505006
442,0.755814680184428
443,0.7516451452506675
444,0.7611149005751937
445,0.7528349804091297
446,0.7547198526280692
447,0.7553515268200571
448,0.7656751291816206
449,0.7599358633656925
450,0.7485676384929345
451,0.7556807814969152
452,0.7664917344556981
453,0.7538639806118843
454,0.7612645030996781
455,0.7594534273217497
456,0.7579253065305845
457,0.7569394005841366
458,0.7573062843981901
459,0.759553116638476
460,0.7621814413462263
461,0.7587345539194611
462,0.755148092675081
463,0.7546486621738014
464,0.7603282482119205
465,0.75227848572919
466,0.7611078923763686
467,0.7642818368399136
468,0.7614977147854003
469,0.7620788431676063
470,0.7703424531204323
471,0.7607259144744363
472,0.7614885023751763
473,0.7554649200689403
474,0.754094441438862
475,0.7632682683065162
476,0.7574000154656755
477,0.7520820926582354
478,0.7599002303220175
479,0.759149303321909
480,0.7565105529281722
481,0.7554264835541882
482,0.7534254333998541
483,0.7551584538074811
484,0.7511182383103228
485,0.7571482838957188
486,0.7480674987461744
487,0.7676512984979884
488,0.7569776953674572
489,0.7446003290238588
490,0.763906994092108
491,0.7622457504354574
492,0.7625968725935542
493,0.7573997077265184
494,0.7504991756824642
495,0.7547628919989049
496,0.7661971265555796
497,0.7515533693908579
498,0.7476283446385081
499,0.7565790651789581
