stratum,omitted_psu,m,n,events,prevalence,auc,pr_auc,brier,calibration_intercept,calibration_slope,group
173.0,2.0,2,5499,591,0.09239662290475696,0.7083219606761173,0.20158881916039803,0.07992634302679177,-0.3678208510554588,0.8775820093078592,pooled
173.0,1.0,2,5519,605,0.09605532248164482,0.707558233382904,0.20921065291358337,0.08241499836650053,-0.3218856638160548,0.8748581850443223,pooled
174.0,1.0,2,5589,601,0.09374122138507554,0.7113119430071935,0.20378130114511028,0.0807965024745961,-0.326037908255467,0.8856428681349088,pooled
174.0,2.0,2,5496,600,0.09479496404980413,0.704513764554713,0.2070724210780705,0.08160292618006049,-0.3628413274603274,0.8664147614433986,pooled
179.0,1.0,2,5476,589,0.09401756829245228,0.7075268442647195,0.20498240816257576,0.08103636730408813,-0.3546556408496754,0.8730282291822676,pooled
179.0,2.0,2,5584,603,0.09450330380414045,0.7082685346622037,0.20582077505463015,0.08135204201646322,-0.3347667536669402,0.8788546328987726,pooled
181.0,1.0,2,5515,583,0.09606861372614757,0.7041136513834892,0.20019812094472433,0.08286936151760528,-0.34518216125551027,0.8670140223636473,pooled
181.0,2.0,2,5550,580,0.09247938247638923,0.7116187957522679,0.21095886063842373,0.07954250914655209,-0.34488914443929375,0.8846169807577154,pooled
187.0,1.0,2,5630,592,0.09301300513268015,0.7098566007631258,0.2060669644386982,0.0801862153422764,-0.34649965720463743,0.8841981805825291,pooled
187.0,2.0,2,5530,583,0.09553919798932614,0.7059995260648403,0.20475790868806565,0.0822265422022241,-0.34222634014019065,0.8679423552541334,pooled
185.0,2.0,2,5553,604,0.09539083569598894,0.7075212535804634,0.20626708614586228,0.08206388428476627,-0.3394252864271526,0.8710672136893314,pooled
185.0,1.0,2,5539,595,0.09312780853930895,0.7083201473805968,0.20454176551355266,0.08032208384070398,-0.34959246290874685,0.8811297112485721,pooled
186.0,2.0,2,5557,603,0.09513067477065104,0.7110098506830909,0.20834011393473847,0.08179861587510888,-0.34162166371102404,0.8720489809542956,pooled
186.0,1.0,2,5583,599,0.09337229181221283,0.7046531492213279,0.202586050071015,0.08057708294518663,-0.3473371206893715,0.8801791450480514,pooled
178.0,2.0,2,5532,602,0.09333868742356471,0.7091032463136693,0.20489759459764112,0.08040686116899828,-0.336793698400881,0.8828171232679982,pooled
178.0,1.0,2,5525,605,0.09519775292055879,0.7066748257432681,0.20654428122684873,0.08199360097813929,-0.3524419757118642,0.8690880245976765,pooled
184.0,1.0,2,5487,596,0.09583920961820054,0.7084018117297047,0.20583840145300514,0.08242359842608205,-0.331883147557226,0.8698936141706726,pooled
184.0,2.0,2,5565,592,0.09277437149400702,0.7075834800215022,0.20533108717395715,0.08003624385475963,-0.3556617644066816,0.8823684598453279,pooled
182.0,2.0,2,5530,593,0.09577027520012087,0.7122013533556321,0.21111537651225312,0.0820633599262485,-0.28720322494616535,0.8989509337595126,pooled
182.0,1.0,2,5575,586,0.0928069483473421,0.7036348312486559,0.19987308239407892,0.08035793137680386,-0.4012733075464395,0.8534147642633122,pooled
176.0,2.0,2,5569,596,0.09692392164919816,0.7029451506193733,0.2130949159710957,0.08307853175832444,-0.3546137698901159,0.8558554306241081,pooled
176.0,1.0,2,5553,573,0.09172632083493146,0.7127913029754545,0.19838235463968848,0.07940106170365847,-0.3338403376608271,0.8962805141513814,pooled
183.0,1.0,2,5580,584,0.09407352367688514,0.7034579833761136,0.20087544740586452,0.08136758470744994,-0.38823776923907916,0.8542688660253597,pooled
183.0,2.0,2,5564,583,0.09445314366875282,0.7123464820480782,0.20988230218432755,0.08102500900635497,-0.3010612874101523,0.8977485289524062,pooled
177.0,1.0,2,5443,589,0.09503829057714905,0.7094788658427096,0.20246888822640308,0.08187054259989819,-0.3185720278115764,0.8814325546657652,pooled
177.0,2.0,2,5571,599,0.09349592616850075,0.7063581457228663,0.20843654044360338,0.08052814424168914,-0.3695239700968047,0.8710050355693733,pooled
180.0,2.0,2,5545,596,0.09302035299160782,0.7099827088579485,0.20316820073123038,0.0803787678258525,-0.37684241306036104,0.8701461442580434,pooled
180.0,1.0,2,5517,597,0.09545244652507189,0.7060122233027379,0.2077008369677372,0.08197798504661984,-0.3126247665844088,0.8821621196440287,pooled
175.0,1.0,2,5503,598,0.09507768197461218,0.7116436453208731,0.21417929732842675,0.08138239380672505,-0.2910639130670761,0.898073501876808,pooled
175.0,2.0,2,5520,589,0.09345328437931112,0.7041143604936908,0.1968298027152287,0.08101087845955725,-0.3987187578209168,0.8536605115920254,pooled
173.0,2.0,2,2477,208,0.05498820037607144,0.770870081913267,0.22777925524647438,0.04800211690581214,-0.565023143021169,0.7908877653025893,male
173.0,1.0,2,2489,218,0.060750990464449275,0.7657541431305382,0.23978673541591308,0.052210293230921696,-0.46751940725911456,0.7789791799846878,male
179.0,1.0,2,2464,209,0.05850324385671604,0.7686405239848099,0.2339787416836447,0.05068729884552159,-0.5105471428285723,0.783674238451362,male
179.0,2.0,2,2517,214,0.057345735078441415,0.7674121183198679,0.23366731684167436,0.04960790363662634,-0.5205485694112553,0.784692262081817,male
174.0,2.0,2,2472,212,0.05834020019579105,0.765889627975197,0.23395251376911658,0.05049121016094521,-0.5248262244625268,0.7807645411703187,male
174.0,1.0,2,2516,213,0.0575023198608081,0.7701708266040249,0.23362906319632912,0.049797291080490844,-0.5062791075330294,0.7876041784326664,male
178.0,2.0,2,2484,212,0.055895137765034984,0.7640089548688964,0.22526289136004007,0.04883861939000988,-0.5796662877459102,0.7715727440748634,male
178.0,1.0,2,2479,217,0.059982668058727595,0.7717835475396667,0.2424032010554085,0.05147141288653265,-0.4534482995472336,0.7963057068328189,male
181.0,1.0,2,2488,205,0.05769029265289371,0.762860557336556,0.21673216111357374,0.05037547697936819,-0.5556767246909456,0.7759455495143075,male
181.0,2.0,2,2500,207,0.058142694619520305,0.7730203840819124,0.25155614783215946,0.04991075505602694,-0.47633815631951143,0.7919025542461574,male
182.0,2.0,2,2491,212,0.05783162020456044,0.7771175892039324,0.23488969624593042,0.05002108902351544,-0.48032340723495787,0.8053295077515141,male
182.0,1.0,2,2518,212,0.0580008310988653,0.7594423215230779,0.23281207064239662,0.05025705283458383,-0.5484324353063451,0.764703803658269,male
176.0,2.0,2,2511,212,0.06181523244562642,0.7541024139384128,0.23588724867936353,0.05342328535589593,-0.5278863724644722,0.7513024178499434,male
176.0,1.0,2,2501,203,0.05420227121552187,0.7823328136781482,0.23311392360643074,0.047012654237796464,-0.500791304496024,0.8195548655962104,male
184.0,1.0,2,2478,213,0.060002978382953764,0.7731207592537809,0.24999280941551863,0.05123255303932997,-0.43662156893630794,0.799040524039788,male
184.0,2.0,2,2506,208,0.05593090822927231,0.7629832661437576,0.21779753890841724,0.04910177507046318,-0.5941301941434577,0.7690243589537641,male
177.0,1.0,2,2455,207,0.057452070359399386,0.7696117264056418,0.22636510697843143,0.049997065614313815,-0.5011554607412081,0.7877606759656549,male
177.0,2.0,2,2516,214,0.05838060772474148,0.7664963512795546,0.24083347017159545,0.0502850156608767,-0.5288477910580184,0.7809760822570713,male
183.0,1.0,2,2515,208,0.05741177952619368,0.7618570089767266,0.22548557398153352,0.05017473212078393,-0.5662361581093353,0.7640211876092536,male
183.0,2.0,2,2513,207,0.058421020620416535,0.7741069670711236,0.24218212276037174,0.050108596259677195,-0.46645744902560865,0.8040912703580583,male
185.0,2.0,2,2518,215,0.059180474376053116,0.7660889694203656,0.2309146860672251,0.05139999225076949,-0.5205937402754759,0.7721159443412041,male
185.0,1.0,2,2502,209,0.056646309564866125,0.7700943609057672,0.2371966619877046,0.04887391929672106,-0.5095666971708678,0.7970552597477116,male
186.0,1.0,2,2518,214,0.05729043295278398,0.7664198827283007,0.23686694792414045,0.049376903533361514,-0.48195831392939253,0.8021445247014809,male
186.0,2.0,2,2509,215,0.0585264455598285,0.7697658172933501,0.23225875408537475,0.050882892266375365,-0.5438173354938084,0.7685316839341736,male
180.0,1.0,2,2476,209,0.0587563447072135,0.7698364223354585,0.2360557608541111,0.05075298723642545,-0.4777663577109593,0.7877982460403015,male
180.0,2.0,2,2500,211,0.057051796064745385,0.7664170712118104,0.2321357462461273,0.0495097973497939,-0.5530103518973583,0.7811229911213602,male
175.0,2.0,2,2472,204,0.05673150803842855,0.7574890372671532,0.21911681524399573,0.049767897210654014,-0.6048586011261471,0.7559928400863977,male
175.0,1.0,2,2486,213,0.05909899591763849,0.778118963386925,0.24814063152732266,0.05051348328247712,-0.4299329348012524,0.8114033299149059,male
187.0,2.0,2,2500,208,0.057999673436675434,0.7641679633855203,0.22620897168061677,0.05064666339355139,-0.5572677799528195,0.7657452298818036,male
187.0,1.0,2,2536,213,0.05783751346798178,0.771881746819332,0.24148583811687105,0.04964367580598245,-0.47430180876307626,0.8026110831523233,male
174.0,1.0,2,3073,388,0.12829439842425663,0.5970270275383336,0.18530136192412172,0.11158218277227835,-0.7059551174672184,0.686634553647956,female
174.0,2.0,2,3024,388,0.12969269337825876,0.586326290723016,0.18768921833969485,0.11287536816024821,-0.7756104895071394,0.6435240938341132,female
181.0,1.0,2,3027,378,0.13267385827664294,0.5887178510275103,0.186172362133933,0.1150361176794361,-0.7562522221489084,0.6363081323832709,female
181.0,2.0,2,3050,373,0.1253367989101309,0.5948464057968841,0.18705076871344192,0.10943721104052805,-0.7260785581065684,0.6940251545182776,female
187.0,1.0,2,3094,379,0.12643673156474505,0.5968084111330985,0.18363362360391597,0.11046857058219979,-0.7431241501364346,0.6771431882557021,female
187.0,2.0,2,3030,375,0.13160221614008513,0.5865983763494489,0.18901139225999167,0.11402141561470146,-0.7396789673570805,0.6523575880411445,female
185.0,2.0,2,3035,389,0.1299836824330605,0.596677274085829,0.18997417266363614,0.11264441029020833,-0.6900175120484918,0.6884263793648685,female
185.0,1.0,2,3037,386,0.1279824043928984,0.5865722753834595,0.18274985667809732,0.11179741217594934,-0.7939538954719787,0.6405156289713422,female
186.0,2.0,2,3048,388,0.13022644831142846,0.600016881720172,0.19079653462368332,0.11284589515874621,-0.6822583529517124,0.6927875949631769,female
186.0,1.0,2,3065,385,0.12771724933159118,0.5829605360989901,0.18191580809950034,0.1115840812255339,-0.8047971403081291,0.6345970618302815,female
173.0,1.0,2,3030,387,0.1295459923650382,0.5960342848701441,0.18645892863170588,0.11246275786223184,-0.706186595849774,0.6805015094436865,female
173.0,2.0,2,3022,383,0.12839993050527906,0.5870770116732756,0.1880674661730362,0.11197035386036269,-0.7781406777605606,0.6483565712880064,female
184.0,1.0,2,3009,383,0.13036906961709574,0.5853646971234767,0.17553926148654292,0.11391690090445766,-0.833096341826509,0.602618541344284,female
184.0,2.0,2,3059,384,0.12769094064238104,0.5977235350735706,0.19727016212713888,0.11063413402663894,-0.6598982615063685,0.721178148053951,female
179.0,2.0,2,3067,389,0.12991414618094774,0.5904019441771478,0.18559347888983524,0.11299291408542249,-0.7533167337050815,0.6529661270225061,female
179.0,1.0,2,3012,380,0.128033515334601,0.5929984660808008,0.1869744651240417,0.1114305977420043,-0.7295216691850207,0.676796500055846,female
178.0,2.0,2,3048,390,0.1294684418280319,0.5951235026833386,0.19423860104198762,0.11194476885673717,-0.6548713744538924,0.7111360677811295,female
178.0,1.0,2,3046,388,0.12850479556310984,0.5881336245625897,0.17932135030858015,0.1125003008336183,-0.8253054706411147,0.6198902823060981,female
183.0,1.0,2,3065,376,0.12892937491069634,0.5898798850394604,0.18444902358302723,0.11230954978969193,-0.7589489878347364,0.6557214536464888,female
183.0,2.0,2,3051,376,0.12904427416759,0.5935155377028861,0.1882572101767397,0.11213510294890722,-0.7241396198986677,0.6736829916435794,female
180.0,2.0,2,3045,385,0.12779163359368248,0.5930849740513979,0.1828790154158304,0.11174973148656024,-0.789072217659338,0.6454469651149444,female
180.0,1.0,2,3041,388,0.13011694824769757,0.5903641014919631,0.18987832976235927,0.11266954785205792,-0.6944446590978467,0.6841151307039024,female
177.0,2.0,2,3055,385,0.12697079418668902,0.5940500201158145,0.18782216981479116,0.11057688759005832,-0.7197859977522675,0.6881855816373676,female
177.0,1.0,2,2988,382,0.1310261514731806,0.5893700574419759,0.18479579076626007,0.11388722712387087,-0.7639930411361875,0.640946319975513,female
182.0,2.0,2,3039,381,0.1317200264196217,0.5876413636622282,0.19131311984811838,0.11395129869056989,-0.7211721317704384,0.6612693249222262,female
182.0,1.0,2,3057,374,0.1263237829067964,0.5958132250832004,0.18148488073319147,0.11053814104554473,-0.7606747349128834,0.6687520340296104,female
175.0,1.0,2,3017,385,0.12977615424172761,0.5913885367903781,0.19050338431345182,0.11255840079722888,-0.7188880851193601,0.6738970200737145,female
175.0,2.0,2,3048,385,0.12820839808819326,0.5919326993867263,0.1821991369471963,0.11189126240867238,-0.7641843996950847,0.6555098846103581,female
176.0,1.0,2,3052,370,0.12758346251631386,0.5879343519818601,0.1797530414445836,0.1116868198814478,-0.8120444366738956,0.629881275073841,female
176.0,2.0,2,3058,384,0.1304578705975948,0.5954513682049907,0.19328528985399002,0.11278403140172252,-0.67098934252128,0.6995489902707185,female
